,data,model,roc_auc_score,f1_score,pr_auc_score,balanced_accuracy_score
0,2020,LogisticRegression,0.8394528026573562,0.34714297527495247,0.3418661895017583,0.7636030965595468
1,2022,LogisticRegression,0.8512481391812247,0.3728157929838602,0.3800935272633563,0.775545991775719
2,merged,LogisticRegression,0.8327774066840183,0.3475002755023326,0.3403764361818513,0.7547543906196361
